Model,RMSE,R²
Numerical,0.8176775514674914,0.9528770596680413
Categorical,0.8304772316093662,0.9513902158761453
